<?xml version="1.0" encoding="UTF-8"?>
<!-- Product Version: Vivado v2018.3 (64-bit)                     -->
<!--                                                              -->
<!-- Copyright 1986-2018 Xilinx, Inc. All Rights Reserved.        -->

<hwsession version="1" minor="2">
  <device name="xc7z020_1" gui_info="dashboard1=dashboard_1[xc7z010_1/XADC=XADC_PLOT_1;]"/>
  <ObjectList object_type="hw_cfgmem" gui_info="">
    <Object name="" gui_info="">
      <Properties Property="PROGRAM.BLANK_CHECK" value="0"/>
      <Properties Property="PROGRAM.CFG_PROGRAM" value="1"/>
      <Properties Property="PROGRAM.CHECKSUM" value="0"/>
      <Properties Property="PROGRAM.ERASE" value="1"/>
      <Properties Property="PROGRAM.VERIFY" value="1"/>
    </Object>
  </ObjectList>
  <ObjectList object_type="hw_device" gui_info="">
    <Object name="xc7z010_0" gui_info="">
      <Properties Property="FULL_PROBES.FILE" value=""/>
      <Properties Property="PROBES.FILE" value=""/>
      <Properties Property="PROGRAM.HW_BITSTREAM" value="$_project_name_.runs/impl_1/LED.bit"/>
      <Properties Property="PROGRAM.HW_CFGMEM_PART" value="28f032m29ewt-nor-x8"/>
      <Properties Property="SLR.COUNT" value="1"/>
    </Object>
    <Object name="xc7z010_1" gui_info="">
      <Properties Property="FULL_PROBES.FILE" value=""/>
      <Properties Property="PROBES.FILE" value=""/>
      <Properties Property="PROGRAM.HW_BITSTREAM" value="$_project_name_.runs/impl_1/LED.bit"/>
      <Properties Property="PROGRAM.HW_CFGMEM_PART" value="28f032m29ewt-nor-x8"/>
      <Properties Property="SLR.COUNT" value="1"/>
    </Object>
    <Object name="xc7z020_1" gui_info="">
      <Properties Property="FULL_PROBES.FILE" value=""/>
      <Properties Property="PROBES.FILE" value=""/>
      <Properties Property="PROGRAM.HW_BITSTREAM" value="$_project_name_.runs/impl_1/LED.bit"/>
      <Properties Property="SLR.COUNT" value="1"/>
    </Object>
  </ObjectList>
  <ObjectList object_type="hw_ila" gui_info="">
    <Object name="" gui_info="">
      <Properties Property="CONTROL.TRIGGER_CONDITION" value="AND"/>
      <Properties Property="CORE_REFRESH_RATE_MS" value="500"/>
    </Object>
  </ObjectList>
  <ObjectList object_type="hw_sysmon" gui_info="">
    <Object name="XADC" gui_info="dashboard_1=[TEMPERATURE=-65281;VCCPINT=-256;VCCO_DDR=-16711936;VCCBRAM=-39322;VCCAUX=-16776961;SCAN_RATE=1000;TRACK_TIME=1;]"/>
  </ObjectList>
  <probeset name="hw project" active="false"/>
</hwsession>
